T,144.6000,49.5000,102.7000,760.9000,26.4000,26.3000
T,816.4000,87.0000,370.6000,774.5000,722.9000,850.7000
C,440.2000,317.3000,48.7250
C,230.1000,155.0000,9.3000
C,68.2000,284.0000,46.5750
T,609.3000,658.0000,886.4000,303.3000,472.2000,805.2000
C,559.5000,533.0000,39.6000
T,932.0000,97.7000,569.2000,970.9000,343.1000,619.9000
T,49.2000,894.3000,580.0000,509.4000,61.6000,897.4000
C,617.7000,134.1000,89.5000
T,159.1000,981.2000,818.6000,574.7000,659.2000,417.0000
C,929.9000,783.6000,224.6000
C,934.2000,291.3000,107.3000
T,72.2000,262.9000,799.5000,660.8000,184.1000,694.0000
T,823.5000,234.9000,291.9000,787.1000,100.0000,596.5000
C,587.3000,854.5000,167.7750
T,948.4000,373.9000,177.1000,426.5000,357.3000,438.5000
T,990.8000,413.1000,836.2000,346.2000,79.8000,960.0000
T,80.2000,779.7000,825.2000,453.2000,818.1000,473.3000
T,917.1000,793.5000,157.8000,583.8000,282.8000,872.0000
T,383.6000,940.9000,196.4000,44.0000,298.3000,503.5000
T,55.4000,104.7000,645.6000,905.5000,361.1000,508.6000
T,280.9000,529.3000,477.3000,155.2000,331.8000,498.4000
T,816.7000,163.8000,134.1000,36.4000,197.9000,256.9000
T,580.3000,19.4000,842.7000,74.6000,566.4000,835.1000
T,472.1000,639.8000,302.3000,781.4000,456.6000,945.9000
T,675.1000,179.7000,547.6000,457.1000,964.7000,980.6000
T,264.2000,680.4000,428.6000,950.9000,373.7000,297.3000
T,777.2000,62.3000,7.6000,100.5000,246.7000,311.5000
T,85.4000,802.8000,831.0000,794.6000,673.4000,586.0000
C,889.5000,175.0000,93.4250
C,552.4000,994.9000,35.4250
C,586.5000,579.2000,58.3000
T,395.1000,316.2000,339.0000,414.1000,123.6000,192.8000
T,40.4000,694.8000,577.5000,294.8000,681.0000,209.9000
T,549.8000,589.7000,376.8000,716.6000,662.4000,291.3000
T,827.5000,374.7000,505.4000,55.0000,75.7000,821.2000
T,425.2000,793.2000,475.8000,428.4000,867.2000,970.4000
C,158.9000,746.4000,97.1750
C,601.9000,135.6000,136.4000
T,312.0000,880.2000,692.6000,665.4000,918.0000,445.2000
T,607.3000,869.9000,916.7000,941.8000,881.6000,567.5000
C,833.5000,359.2000,12.0000
T,235.5000,615.1000,901.6000,101.8000,866.3000,813.7000
T,717.9000,391.0000,843.3000,988.0000,9.2000,60.6000
T,848.9000,713.6000,62.8000,625.1000,362.3000,410.3000
C,857.1000,873.3000,46.5000
T,511.6000,925.4000,88.9000,349.0000,217.4000,912.8000
T,659.5000,230.3000,900.1000,930.5000,212.3000,210.3000
T,878.8000,426.0000,200.1000,54.3000,708.5000,619.2000
C,856.1000,786.2000,8.1750
C,878.7000,208.4000,249.2000
T,468.4000,378.4000,741.8000,715.7000,495.8000,354.8000
C,150.6000,369.0000,43.4250
C,958.5000,349.7000,207.5750
T,918.4000,501.4000,852.5000,611.2000,483.5000,984.3000
C,802.9000,164.8000,141.6750
C,655.4000,139.2000,14.0750
T,338.6000,704.4000,32.7000,22.0000,761.9000,521.8000
T,496.5000,714.4000,659.1000,990.5000,275.4000,831.1000
C,778.0000,660.7000,127.7750
T,530.7000,114.2000,352.5000,26.3000,597.2000,513.4000
T,765.3000,575.4000,577.0000,149.0000,750.6000,699.4000
C,94.3000,873.9000,208.7750
T,925.8000,327.7000,68.5000,733.7000,729.7000,4.9000
T,952.1000,492.9000,708.9000,871.9000,922.3000,386.8000
C,234.1000,629.5000,152.1250
C,142.6000,312.3000,26.8250
T,368.7000,996.5000,946.3000,611.7000,347.6000,963.8000
C,241.4000,181.2000,239.3000
T,551.9000,734.9000,183.4000,957.4000,796.9000,384.4000
T,888.2000,645.0000,20.5000,944.3000,893.4000,653.0000
T,243.0000,516.5000,69.9000,140.6000,152.2000,731.3000
T,118.9000,406.5000,959.0000,71.9000,787.4000,118.0000
T,174.2000,992.4000,251.6000,527.8000,914.7000,876.9000
C,171.2000,50.8000,168.0250
C,557.7000,795.0000,106.0000
T,498.8000,424.4000,103.2000,293.3000,421.6000,104.6000
T,889.8000,100.8000,29.1000,225.9000,522.6000,433.0000
T,224.4000,885.5000,9.5000,266.4000,690.2000,714.0000
T,768.9000,416.5000,978.6000,776.1000,355.3000,71.9000
T,397.7000,328.9000,594.4000,936.3000,98.8000,656.6000
C,534.6000,968.7000,123.5250
T,552.7000,726.8000,102.6000,150.8000,498.7000,688.8000
T,401.9000,842.7000,826.4000,786.5000,802.1000,291.4000
T,710.0000,809.7000,729.8000,7.9000,124.5000,517.1000
T,32.8000,981.6000,492.2000,771.8000,434.7000,289.6000
T,776.3000,420.6000,689.7000,916.7000,515.4000,570.0000
T,987.1000,550.0000,618.2000,917.8000,289.8000,421.9000
C,229.1000,639.3000,152.7750
T,303.1000,831.6000,388.8000,846.9000,177.9000,526.8000
C,976.9000,630.1000,130.0000
C,610.4000,378.9000,16.0250
T,930.4000,625.6000,422.1000,136.8000,869.8000,286.8000
C,967.1000,722.8000,64.9500
T,90.1000,834.6000,95.3000,113.1000,803.7000,342.4000
C,245.1000,131.6000,114.4750
T,929.3000,242.8000,162.9000,72.5000,538.5000,939.8000
T,242.0000,939.5000,239.3000,853.7000,890.5000,491.5000
T,806.9000,502.5000,741.3000,240.0000,581.7000,864.4000
T,587.2000,66.3000,436.7000,9.7000,881.7000,517.0000
C,402.8000,729.3000,33.4500
C,941.4000,895.4000,174.0500
T,973.8000,797.3000,748.3000,781.5000,349.6000,480.9000
T,872.3000,236.4000,944.1000,603.8000,785.3000,996.7000
C,139.8000,5.2000,137.4750
T,369.1000,342.2000,176.5000,726.1000,62.8000,656.7000
T,901.3000,839.1000,210.2000,105.6000,921.2000,949.0000
T,631.5000,627.5000,528.6000,944.0000,491.7000,800.2000
T,185.1000,267.1000,193.9000,200.4000,65.6000,277.9000
C,719.5000,563.0000,147.4000
T,382.5000,347.9000,526.3000,354.1000,2.9000,247.8000
C,91.6000,358.6000,112.0750
T,110.0000,766.8000,315.1000,995.0000,7.8000,153.9000
T,311.3000,195.8000,513.4000,749.7000,78.7000,184.0000
T,982.6000,525.7000,997.1000,378.8000,691.1000,181.8000
T,620.6000,976.8000,538.7000,601.1000,69.7000,277.5000
T,280.9000,209.5000,400.1000,441.6000,66.6000,543.4000
T,427.1000,885.3000,70.6000,270.2000,577.9000,350.4000
T,393.9000,615.2000,632.8000,269.3000,342.4000,279.0000
T,722.0000,737.3000,712.7000,667.5000,266.5000,365.5000
T,789.9000,776.3000,393.9000,938.0000,876.4000,744.5000
T,986.2000,113.3000,308.2000,12.2000,640.6000,918.0000
T,640.4000,926.6000,108.7000,113.3000,831.4000,24.5000
T,361.7000,905.9000,331.9000,727.3000,998.4000,604.4000
T,472.1000,687.4000,774.0000,800.0000,177.9000,667.6000
T,109.0000,676.6000,332.1000,701.5000,605.8000,221.4000
T,502.0000,324.6000,257.1000,701.7000,361.0000,464.7000
T,810.6000,604.1000,554.3000,435.1000,341.0000,262.8000
T,870.3000,62.1000,210.7000,877.9000,140.2000,471.4000
T,425.9000,534.1000,212.2000,462.7000,250.4000,918.4000
T,250.1000,776.5000,411.8000,225.7000,803.1000,819.0000
C,581.4000,74.8000,6.4250
T,139.7000,477.3000,661.4000,83.3000,219.8000,364.9000
C,404.9000,208.9000,59.6750
T,121.5000,823.5000,465.7000,749.9000,893.3000,76.1000
C,45.0000,239.0000,27.6500
T,550.1000,560.6000,827.6000,142.5000,209.5000,537.9000
T,568.6000,289.0000,987.2000,185.1000,240.4000,0.5000
C,852.8000,342.6000,78.5750
C,625.9000,845.5000,177.3750
T,635.5000,655.1000,588.2000,759.9000,53.2000,925.6000
C,790.9000,29.9000,196.6500
T,593.4000,927.2000,100.9000,255.7000,77.3000,155.5000
T,961.2000,640.3000,949.6000,627.4000,936.3000,583.1000
T,755.8000,40.6000,733.4000,476.1000,197.8000,613.1000
T,836.7000,257.4000,925.0000,172.5000,554.3000,449.5000
T,518.0000,784.9000,498.0000,957.3000,398.4000,713.4000
T,66.9000,752.0000,86.9000,237.1000,691.7000,326.9000
C,69.3000,343.1000,2.0500
C,5.1000,294.8000,74.3250
C,50.2000,314.8000,208.0000
T,261.9000,756.6000,669.8000,175.8000,83.2000,523.0000
C,814.2000,443.2000,213.8250
T,670.0000,538.0000,869.7000,58.2000,688.9000,288.6000
T,239.1000,506.0000,286.2000,380.8000,767.4000,914.2000
C,453.8000,549.2000,38.7000
T,632.9000,734.8000,183.3000,125.3000,224.9000,451.5000
T,397.1000,576.2000,3.7000,714.0000,985.7000,512.7000
T,214.0000,891.4000,338.1000,180.8000,135.4000,236.7000
T,596.5000,403.6000,75.7000,326.1000,887.3000,881.1000
C,755.6000,258.8000,157.3500
C,551.2000,626.7000,202.5750
T,268.4000,544.7000,313.1000,418.2000,407.7000,291.9000
C,642.9000,525.1000,130.0500
C,939.7000,553.5000,5.7000
T,273.1000,413.9000,918.0000,579.1000,36.4000,331.2000
T,799.2000,337.6000,570.4000,661.2000,641.4000,317.5000
T,740.2000,434.5000,886.0000,630.7000,93.5000,623.1000
C,867.6000,717.1000,207.2250
T,884.2000,760.6000,550.6000,805.8000,113.9000,941.4000
T,732.8000,679.9000,356.4000,559.9000,633.2000,47.7000
C,789.3000,160.9000,186.3750
C,847.8000,746.5000,162.6000
T,268.7000,784.8000,85.7000,887.4000,309.0000,460.0000
T,785.4000,405.4000,696.7000,89.1000,262.7000,152.2000
T,556.9000,993.3000,223.7000,628.9000,225.4000,908.6000
T,17.9000,180.4000,801.3000,838.4000,856.6000,304.2000
T,48.0000,892.0000,869.3000,82.5000,666.0000,489.3000
T,765.8000,720.1000,226.4000,632.4000,975.7000,333.2000
C,950.9000,863.1000,136.0250
C,621.9000,218.8000,150.9750
C,751.8000,218.9000,130.2750
C,757.3000,250.8000,151.1000
T,49.1000,452.4000,155.9000,937.4000,737.4000,513.3000
C,6.7000,596.6000,165.7000
T,791.1000,273.3000,997.3000,996.5000,249.7000,575.4000
C,67.0000,317.3000,64.3250
T,234.8000,85.4000,858.3000,295.9000,140.2000,650.4000
T,924.1000,731.9000,241.3000,161.4000,435.8000,177.3000
T,819.9000,395.8000,157.1000,437.6000,35.8000,537.4000
T,959.0000,140.3000,812.8000,478.9000,754.5000,222.4000
T,166.5000,14.4000,183.9000,287.2000,27.0000,995.6000
T,70.5000,79.2000,441.6000,373.1000,176.9000,445.3000
T,930.8000,837.2000,629.7000,837.4000,820.0000,816.5000
T,179.7000,585.9000,629.3000,281.5000,719.9000,865.0000
T,945.1000,45.5000,816.9000,385.7000,428.1000,289.9000
C,717.5000,57.5000,218.5500
T,181.6000,962.5000,749.4000,316.7000,715.4000,64.5000
C,92.1000,515.9000,7.0500
T,183.1000,641.5000,934.5000,405.9000,841.7000,986.7000
T,554.5000,5.7000,307.1000,130.7000,941.8000,125.3000
T,624.6000,987.4000,748.8000,155.5000,914.6000,213.3000
C,755.5000,428.6000,159.6000
C,680.2000,863.0000,217.6000
T,422.6000,627.8000,349.1000,247.6000,642.2000,862.3000
T,451.2000,22.3000,448.1000,771.0000,289.1000,502.9000
C,101.8000,51.0000,5.1750
T,283.0000,90.9000,77.1000,110.1000,936.6000,601.2000
C,523.2000,427.6000,53.2250
T,551.8000,161.6000,123.8000,558.1000,989.6000,583.1000
T,781.5000,694.2000,483.1000,171.3000,449.1000,536.3000
C,707.3000,143.7000,231.0500
T,887.0000,326.8000,587.5000,833.3000,56.1000,580.0000
C,487.8000,312.6000,172.8000
C,432.7000,119.0000,108.7000
C,155.1000,470.4000,71.6500
T,731.0000,513.2000,285.5000,422.5000,269.4000,326.5000
T,111.8000,641.7000,540.8000,383.6000,229.3000,457.6000
C,246.3000,540.6000,221.5000
C,718.5000,105.5000,135.9250
C,501.9000,270.5000,247.0000
T,261.6000,364.1000,736.4000,486.5000,381.2000,256.1000
T,496.5000,193.3000,763.6000,601.5000,904.3000,318.1000
T,914.9000,468.3000,137.9000,947.0000,929.0000,461.9000
T,542.1000,872.7000,894.2000,76.6000,446.5000,751.8000
T,103.5000,952.5000,11.4000,15.0000,434.4000,235.6000
T,777.0000,375.3000,155.2000,159.6000,127.5000,808.4000
C,697.3000,482.7000,234.7500
C,390.4000,211.8000,47.6500
T,640.5000,554.9000,341.5000,526.1000,743.5000,719.4000
T,842.2000,410.0000,934.6000,504.2000,239.8000,393.0000
T,752.3000,586.6000,469.9000,82.6000,441.9000,137.9000
T,982.7000,787.4000,801.5000,653.4000,329.2000,844.7000
T,955.2000,94.8000,56.2000,540.1000,990.5000,28.1000
T,456.4000,673.4000,908.3000,492.1000,345.5000,285.7000
T,745.1000,225.0000,623.2000,568.7000,568.1000,456.6000
C,352.4000,511.9000,76.9750
C,52.7000,982.4000,164.4500
C,540.0000,872.6000,103.5750
C,101.4000,887.0000,78.8250
C,964.0000,249.2000,91.2250
C,295.9000,913.2000,140.4000
T,96.5000,852.2000,560.0000,237.6000,562.4000,178.3000
T,761.1000,388.1000,659.5000,602.8000,582.9000,748.2000
C,937.8000,45.7000,163.5500
T,133.5000,35.7000,77.9000,470.7000,184.3000,646.0000
T,346.5000,659.2000,319.5000,203.2000,527.8000,434.6000
T,950.2000,717.5000,673.3000,200.4000,422.5000,420.2000
T,361.7000,787.9000,653.2000,486.6000,441.9000,284.3000
C,130.4000,193.8000,77.8250
T,274.6000,607.0000,779.7000,525.9000,512.5000,625.7000
T,913.9000,807.7000,216.0000,519.1000,765.2000,557.9000
C,225.0000,163.7000,158.1500
T,97.0000,737.5000,623.1000,234.0000,483.8000,771.7000
T,424.7000,984.0000,742.3000,361.8000,697.5000,216.2000
T,8.2000,883.8000,253.3000,827.5000,659.4000,424.3000
T,47.6000,532.3000,508.5000,612.5000,989.1000,842.5000
T,95.3000,626.3000,216.9000,120.6000,99.7000,99.7000
T,573.8000,696.2000,40.6000,123.3000,8.0000,278.2000
T,641.6000,925.6000,552.2000,110.2000,999.8000,53.7000
C,674.0000,607.0000,99.3750
T,208.3000,825.5000,49.5000,205.2000,114.6000,621.5000
T,929.2000,225.1000,329.4000,357.8000,525.5000,241.2000
T,116.5000,368.7000,434.4000,187.7000,212.7000,704.2000
T,146.1000,117.2000,405.9000,606.7000,956.3000,502.4000
C,788.9000,265.6000,105.3250
T,819.4000,616.4000,891.3000,274.2000,47.4000,368.6000
T,419.1000,628.7000,78.8000,53.2000,758.5000,283.9000
T,311.1000,512.3000,883.4000,684.9000,322.7000,486.4000
T,693.2000,852.7000,62.3000,708.3000,643.5000,598.5000
T,119.1000,505.2000,140.3000,959.4000,908.1000,338.5000
C,624.7000,706.5000,210.5750
T,65.8000,606.1000,793.5000,75.6000,572.6000,93.0000
T,122.1000,206.5000,645.3000,990.1000,106.0000,104.0000
C,934.8000,624.9000,31.5500
C,829.1000,565.8000,100.9500
C,423.3000,300.1000,30.8750
C,93.8000,850.4000,236.3500
T,686.3000,805.8000,41.2000,363.5000,257.0000,880.3000
T,617.6000,280.2000,969.3000,349.7000,521.4000,392.0000
T,129.0000,399.3000,36.3000,16.5000,973.2000,713.5000
T,861.1000,877.3000,276.5000,917.5000,295.7000,182.8000
T,952.1000,634.1000,999.1000,508.3000,176.7000,512.5000
C,184.3000,64.9000,185.1000
T,54.6000,24.2000,508.6000,483.5000,859.8000,216.1000
C,378.1000,910.3000,42.7750
C,902.2000,77.3000,219.2750
T,114.2000,825.1000,928.5000,764.6000,446.0000,961.3000
T,107.3000,665.4000,646.0000,970.1000,841.3000,344.8000
C,554.0000,944.6000,83.6250
T,330.5000,918.7000,689.3000,71.4000,377.6000,17.5000
T,35.2000,917.5000,272.4000,322.5000,228.1000,731.9000
C,631.2000,944.7000,99.5750
T,255.8000,300.3000,294.5000,724.7000,357.0000,916.9000
C,837.4000,889.7000,93.7000
T,498.6000,356.4000,226.4000,389.7000,606.4000,746.8000
C,542.5000,42.9000,111.9000
C,704.2000,410.8000,10.9500
T,784.8000,437.4000,914.1000,48.3000,210.2000,400.1000
T,420.2000,688.8000,34.3000,1.4000,605.8000,561.7000
C,228.2000,540.1000,31.9250
T,497.6000,419.0000,916.0000,96.1000,838.4000,125.5000
T,672.7000,402.2000,355.5000,686.2000,344.8000,596.1000
C,680.9000,931.7000,33.0250
T,923.3000,841.4000,164.7000,137.6000,17.4000,936.2000
T,355.5000,605.1000,141.0000,396.7000,770.0000,814.7000
C,783.3000,18.6000,228.3000
T,509.2000,688.7000,599.0000,788.6000,873.2000,537.4000
C,125.8000,733.9000,86.0250
T,117.7000,924.9000,630.0000,640.4000,822.4000,616.8000
T,521.0000,360.0000,401.6000,979.7000,558.5000,482.9000
T,34.1000,276.0000,632.2000,540.8000,778.8000,561.4000
T,970.4000,56.1000,422.6000,443.3000,806.7000,134.7000
C,627.2000,139.8000,222.9000
T,193.5000,917.3000,487.4000,216.1000,766.7000,129.7000
C,290.7000,497.1000,124.4000
T,223.2000,529.4000,130.3000,116.1000,268.3000,839.1000
T,365.6000,585.0000,955.0000,782.7000,860.6000,147.2000
C,207.4000,197.1000,3.9250
T,318.1000,893.7000,220.3000,510.0000,777.4000,365.0000
T,33.0000,817.9000,509.3000,502.5000,548.5000,488.2000
T,80.0000,417.3000,832.8000,893.2000,313.1000,690.7000
C,129.0000,365.8000,193.5250
T,247.3000,410.8000,56.7000,340.3000,347.3000,559.4000
C,976.6000,808.5000,44.7500
T,332.9000,713.2000,751.9000,765.2000,550.4000,235.3000
T,752.1000,863.1000,36.5000,466.8000,718.3000,780.7000
C,36.0000,314.2000,220.9750
T,615.6000,189.2000,528.0000,446.2000,203.4000,530.2000
C,509.0000,692.6000,117.6750
C,569.9000,571.8000,169.9250
C,476.2000,84.4000,29.9250
T,547.8000,140.3000,631.1000,107.8000,613.6000,911.0000
T,780.4000,692.4000,276.0000,610.4000,311.4000,245.2000
T,651.7000,192.9000,989.7000,75.8000,886.6000,509.8000
T,811.0000,41.5000,542.6000,550.5000,802.2000,293.2000
T,787.1000,833.0000,304.5000,645.5000,916.2000,172.9000
T,184.7000,984.5000,81.4000,914.3000,535.2000,933.2000
C,261.8000,233.0000,20.5750
T,704.7000,521.3000,920.0000,486.8000,895.6000,400.4000
T,609.8000,919.5000,736.8000,98.8000,88.6000,557.3000
C,617.8000,805.4000,248.3000
C,971.4000,964.9000,98.7750
T,712.4000,467.1000,208.4000,908.4000,161.5000,351.5000
T,472.1000,549.2000,808.5000,460.4000,391.2000,97.6000
C,544.6000,300.4000,234.3250
C,447.8000,306.5000,63.3500
T,86.0000,896.0000,524.1000,103.0000,917.4000,127.8000
C,402.4000,261.5000,29.3250
C,632.4000,808.8000,113.2500
T,987.1000,238.9000,846.2000,33.2000,447.5000,187.6000
T,628.1000,166.1000,713.8000,845.9000,260.8000,692.9000
C,67.3000,517.2000,22.1750
C,113.1000,381.2000,78.1000
T,58.6000,434.1000,448.9000,715.6000,146.9000,547.0000
T,626.9000,465.2000,963.0000,91.7000,22.0000,950.2000
T,601.5000,273.3000,805.9000,411.8000,795.6000,267.9000
T,389.1000,71.5000,866.9000,63.5000,480.3000,194.2000
T,675.6000,813.4000,695.7000,71.9000,966.0000,602.8000
T,412.2000,584.3000,731.8000,40.8000,743.2000,285.0000
T,248.7000,882.8000,169.2000,671.0000,971.8000,402.1000
C,815.3000,13.1000,175.3000
T,44.5000,26.4000,669.5000,362.6000,581.9000,652.1000
T,352.9000,743.0000,951.2000,651.8000,267.4000,19.9000
T,347.4000,484.9000,189.4000,689.0000,74.1000,371.1000
T,982.8000,818.7000,140.4000,188.7000,697.8000,392.5000
T,792.1000,684.4000,860.2000,800.3000,994.4000,486.4000
C,576.5000,510.9000,12.4000
T,79.7000,374.2000,390.4000,542.0000,587.9000,596.9000
T,149.3000,615.1000,624.4000,917.1000,726.3000,126.4000
C,330.2000,533.0000,15.4250
T,529.1000,173.9000,884.1000,259.7000,158.0000,560.7000
T,91.1000,851.4000,272.9000,533.5000,134.3000,770.9000
C,139.8000,686.6000,248.5750
C,662.1000,440.8000,57.7250
T,573.2000,548.5000,777.3000,884.1000,874.9000,958.1000
C,861.3000,664.3000,238.3250
C,368.9000,981.8000,218.9000
T,820.0000,216.2000,829.6000,483.5000,496.9000,745.5000
T,615.8000,480.8000,853.5000,943.2000,586.5000,439.8000
C,333.3000,870.8000,155.2000
C,985.6000,600.7000,83.9000
T,273.9000,685.7000,100.4000,357.2000,990.0000,608.5000
T,274.4000,402.0000,992.1000,264.1000,568.4000,174.4000
C,832.5000,957.3000,183.5000
C,230.6000,932.6000,74.1250
T,931.7000,371.6000,294.1000,916.7000,331.1000,82.6000
T,392.2000,996.1000,275.0000,782.6000,337.7000,942.3000
T,383.1000,139.7000,755.4000,734.1000,35.8000,206.5000
T,951.0000,322.4000,871.4000,770.2000,552.5000,38.4000
T,242.8000,187.7000,370.2000,402.9000,185.9000,243.3000
C,728.7000,63.2000,18.3250
T,497.6000,35.4000,9.9000,995.9000,989.1000,785.7000
C,838.4000,688.6000,143.5500
T,42.6000,496.4000,896.9000,90.1000,579.1000,980.7000
T,422.6000,146.5000,778.5000,44.2000,575.5000,149.5000
C,904.7000,379.7000,37.9750
T,389.9000,654.3000,76.5000,682.2000,456.7000,538.2000
T,441.7000,955.0000,333.2000,85.7000,933.6000,714.1000
T,89.4000,648.4000,145.2000,873.8000,506.0000,95.9000
T,773.2000,679.5000,640.5000,926.7000,498.9000,453.4000
T,860.4000,187.5000,84.5000,406.0000,684.8000,139.4000
T,919.8000,517.9000,360.4000,39.8000,358.8000,918.9000
T,25.7000,716.0000,336.9000,212.9000,64.4000,694.4000
T,501.0000,663.4000,31.0000,873.7000,56.0000,34.8000
T,974.8000,435.9000,755.4000,957.7000,84.8000,711.3000
T,767.6000,248.8000,679.7000,248.8000,574.7000,51.0000
T,130.6000,784.8000,834.0000,147.3000,177.0000,526.9000
C,963.5000,303.7000,178.4750
T,758.9000,973.5000,359.4000,524.1000,53.6000,532.2000
T,104.7000,682.1000,945.0000,82.0000,605.0000,82.0000
T,207.6000,556.1000,258.1000,467.3000,657.2000,964.0000
T,643.5000,316.8000,370.5000,878.6000,196.9000,726.4000
C,507.9000,869.0000,2.8250
T,41.5000,523.2000,325.8000,737.8000,222.0000,243.5000
T,147.5000,620.0000,470.1000,368.8000,224.4000,48.6000
T,752.1000,873.3000,969.4000,970.8000,489.4000,496.3000
T,749.8000,944.9000,115.4000,656.7000,988.9000,645.5000
C,805.7000,749.8000,149.2000
C,933.7000,949.7000,140.8750
T,948.1000,469.7000,334.2000,14.7000,272.1000,509.7000
T,19.6000,274.8000,92.4000,321.9000,698.8000,444.8000
C,909.6000,537.0000,94.9250
T,485.8000,291.7000,578.2000,210.5000,81.1000,233.0000
T,338.5000,341.7000,870.2000,873.2000,555.7000,290.7000
T,616.3000,193.3000,925.1000,499.7000,636.6000,474.8000
T,136.8000,405.7000,925.4000,840.6000,564.4000,667.0000
C,411.9000,952.5000,210.0250
T,433.4000,418.7000,463.9000,271.9000,980.6000,737.7000
T,101.2000,416.6000,933.5000,168.0000,473.9000,146.3000
C,801.6000,223.0000,20.6250
T,928.0000,409.9000,900.4000,904.8000,290.9000,349.1000
C,652.7000,369.8000,129.1750
T,651.3000,926.5000,389.1000,30.1000,813.5000,122.3000
C,635.0000,344.5000,53.1500
T,111.2000,535.5000,58.3000,290.7000,968.7000,931.8000
C,121.6000,762.7000,111.0000
C,160.4000,24.6000,107.5750
T,528.6000,127.9000,114.8000,386.0000,327.9000,367.9000
C,535.2000,765.2000,1.7500
C,443.9000,332.8000,149.1750
C,588.0000,738.0000,9.7500
C,298.8000,364.9000,211.6500
T,380.3000,954.0000,873.5000,248.2000,754.0000,122.0000
C,766.1000,364.6000,149.9500
T,593.7000,744.1000,520.2000,958.4000,884.7000,819.5000
T,0.4000,293.0000,283.7000,189.9000,488.0000,446.5000
T,833.0000,856.0000,126.2000,121.5000,284.0000,131.5000
C,682.0000,127.7000,183.6250
T,454.4000,119.8000,117.9000,413.2000,978.1000,240.8000
T,844.0000,678.6000,3.1000,185.7000,67.8000,779.5000
T,921.0000,59.5000,364.5000,553.6000,716.5000,190.5000
T,427.1000,723.3000,920.9000,265.9000,661.0000,644.7000
T,468.3000,859.6000,911.6000,616.4000,785.7000,526.6000
T,699.8000,121.4000,587.1000,314.9000,42.9000,775.5000
T,767.8000,521.8000,647.4000,788.2000,346.6000,967.2000
T,72.1000,430.0000,128.4000,411.1000,544.1000,965.7000
T,396.4000,197.0000,147.4000,317.2000,596.1000,333.8000
T,818.9000,91.4000,569.2000,282.1000,253.0000,723.8000
T,938.1000,777.4000,238.8000,673.7000,414.9000,822.2000
T,201.5000,273.6000,477.6000,314.4000,677.4000,717.5000
T,429.7000,783.3000,205.3000,241.7000,560.8000,403.1000
T,924.4000,439.8000,997.7000,446.7000,441.8000,268.1000
C,430.5000,78.2000,126.5500
T,243.4000,141.8000,133.9000,652.5000,889.6000,737.4000
T,143.6000,368.0000,194.9000,923.3000,669.7000,2.8000
C,616.2000,979.5000,97.3250
T,363.9000,40.5000,692.1000,320.8000,917.7000,13.8000
T,241.1000,227.1000,973.0000,554.1000,710.4000,771.0000
T,971.4000,220.8000,434.0000,575.8000,262.4000,777.1000
C,467.9000,112.5000,104.3250
T,108.6000,1.1000,770.1000,994.9000,527.9000,825.5000
T,559.6000,122.5000,714.2000,465.7000,401.5000,922.6000
T,120.2000,315.0000,648.6000,510.4000,156.2000,589.4000
T,423.8000,727.9000,698.2000,782.0000,484.8000,40.5000
C,612.1000,414.4000,224.0000
C,274.9000,285.7000,202.2750
T,567.4000,246.1000,699.1000,147.6000,265.5000,150.8000
T,481.2000,505.8000,819.2000,511.3000,351.8000,142.2000
T,245.1000,957.5000,956.2000,827.8000,377.5000,684.8000
T,72.0000,213.0000,43.2000,785.1000,571.5000,947.5000
C,818.2000,537.7000,31.6500
T,414.8000,107.6000,747.6000,402.5000,811.2000,8.7000
T,506.9000,775.2000,246.8000,192.4000,962.7000,973.4000
T,574.9000,150.0000,169.4000,938.4000,971.7000,447.1000
C,124.4000,739.5000,123.8500
T,655.9000,362.4000,694.0000,203.2000,940.6000,662.9000
C,692.7000,874.3000,234.2250
T,714.5000,842.5000,146.3000,947.6000,503.9000,870.5000
C,26.4000,879.5000,62.5500
T,96.5000,996.5000,797.6000,538.7000,879.7000,565.9000
T,728.7000,290.4000,368.1000,252.2000,369.4000,155.4000
T,629.9000,303.8000,834.6000,583.8000,224.3000,270.1000
T,751.7000,540.3000,435.4000,326.8000,792.2000,24.2000
C,37.8000,214.8000,178.2750
T,782.9000,586.1000,266.0000,697.4000,405.6000,401.9000
C,402.2000,13.3000,36.4250
T,666.6000,462.4000,473.2000,990.8000,301.4000,873.9000
T,75.0000,442.5000,655.2000,980.1000,970.7000,344.7000
T,362.2000,211.9000,87.6000,541.8000,736.1000,691.0000
T,654.9000,636.3000,586.4000,569.3000,380.2000,932.4000
C,432.7000,800.7000,205.5250
T,953.4000,105.2000,873.7000,973.0000,853.6000,801.3000
C,69.4000,470.9000,34.9750
T,960.6000,802.8000,615.4000,921.2000,241.3000,43.4000
T,695.5000,860.3000,277.2000,454.6000,570.9000,11.7000
C,886.7000,421.6000,230.3000
C,668.6000,642.3000,160.4500
C,723.4000,17.4000,59.9000
T,389.2000,358.2000,286.3000,819.1000,666.8000,220.1000
C,384.4000,675.7000,195.8750
C,459.0000,691.2000,213.7000
T,105.2000,961.7000,979.6000,498.8000,534.2000,862.1000
T,966.9000,379.7000,801.4000,128.0000,802.3000,497.5000
T,127.5000,79.5000,598.1000,681.7000,658.7000,654.2000
C,409.3000,41.3000,152.5750
T,635.2000,627.2000,150.4000,103.2000,467.7000,462.3000
T,813.8000,399.7000,536.6000,871.3000,743.8000,518.5000
C,720.4000,242.2000,97.8250
C,17.7000,538.9000,104.4500
T,755.6000,548.2000,704.1000,355.8000,777.2000,32.6000
T,410.7000,695.9000,920.5000,369.3000,264.2000,899.0000
T,996.6000,863.7000,911.9000,339.2000,877.7000,988.5000
T,92.2000,256.1000,335.7000,79.6000,976.3000,938.3000
T,440.6000,502.8000,23.6000,71.5000,816.8000,197.0000
C,602.1000,399.1000,28.0000
T,217.7000,613.2000,988.9000,840.7000,950.8000,374.5000
T,806.3000,485.5000,245.6000,527.5000,994.5000,678.5000
T,429.3000,340.4000,663.5000,292.1000,368.5000,276.3000
C,94.2000,788.6000,242.5250
T,897.0000,297.8000,447.4000,702.1000,363.2000,394.5000
T,800.0000,654.2000,660.1000,375.3000,108.9000,251.4000
T,961.1000,825.2000,170.1000,452.8000,166.5000,913.0000
T,345.1000,410.4000,387.5000,856.5000,208.2000,310.1000
T,835.7000,884.1000,123.5000,824.5000,18.9000,647.6000
T,76.8000,806.9000,104.2000,122.3000,851.1000,62.9000
T,24.3000,1.0000,54.0000,231.6000,412.1000,986.7000
T,451.0000,630.8000,641.3000,622.2000,57.1000,684.9000
T,887.4000,60.0000,845.6000,155.1000,84.5000,434.1000
C,770.0000,536.6000,137.7000
T,603.7000,251.5000,884.4000,18.4000,65.9000,330.6000
T,850.2000,313.7000,320.8000,409.4000,333.6000,624.9000
C,323.3000,623.2000,96.1750
T,482.1000,202.4000,961.8000,962.7000,501.9000,189.3000
C,258.6000,967.2000,191.6750
T,230.2000,254.3000,464.3000,503.2000,141.7000,808.3000
C,522.9000,432.7000,141.2250
T,306.9000,206.8000,371.2000,231.1000,478.1000,726.3000
T,359.0000,761.1000,810.9000,579.6000,516.7000,54.6000
T,128.2000,641.0000,749.5000,695.1000,271.3000,807.3000
T,548.6000,221.6000,83.6000,66.5000,945.0000,830.4000
T,987.6000,588.0000,100.3000,952.0000,688.4000,171.3000
C,755.0000,591.5000,67.7000
C,20.7000,37.9000,152.0500
T,817.8000,650.6000,737.6000,409.8000,154.8000,13.6000
T,985.7000,827.8000,161.4000,757.6000,947.4000,758.2000
C,287.7000,164.6000,133.2500
C,737.5000,371.3000,43.3000
C,627.6000,828.2000,220.8000
T,373.1000,49.5000,478.8000,983.8000,250.7000,769.5000
C,543.1000,403.8000,108.2250
T,535.2000,675.6000,469.7000,820.3000,602.2000,272.5000
C,930.8000,223.9000,34.3250
C,303.9000,106.2000,44.5750
T,300.3000,236.9000,832.3000,107.2000,23.1000,909.4000
T,701.9000,640.4000,117.9000,507.0000,843.9000,910.6000
C,192.3000,215.2000,145.3750
C,835.7000,997.7000,55.1000
T,551.0000,571.0000,438.2000,836.9000,897.3000,659.4000
T,603.3000,745.6000,372.6000,805.6000,126.0000,469.2000
T,710.7000,296.6000,409.9000,419.5000,8.7000,973.6000
C,702.5000,95.3000,107.1250
C,942.7000,31.6000,230.5250
T,449.2000,270.5000,180.5000,904.3000,32.5000,685.9000
T,669.0000,186.1000,12.1000,867.2000,386.4000,37.1000
T,134.4000,38.4000,784.7000,518.9000,674.0000,504.5000
T,444.8000,416.3000,989.0000,246.7000,438.6000,848.5000
T,9.7000,956.9000,954.6000,627.8000,393.4000,415.1000
T,102.1000,625.1000,221.7000,436.7000,832.4000,449.3000
T,223.9000,407.4000,141.5000,587.2000,792.1000,330.2000
C,390.2000,95.3000,105.9500
T,417.7000,903.4000,4.4000,854.2000,191.4000,657.6000
T,837.3000,785.7000,659.3000,229.2000,57.5000,239.4000
C,622.0000,75.9000,8.0750
T,563.1000,82.3000,841.6000,55.2000,657.3000,221.0000
T,847.6000,659.5000,646.4000,518.3000,514.9000,619.4000
C,530.8000,270.4000,243.9000
T,292.1000,247.9000,433.8000,564.0000,842.7000,995.0000
T,968.2000,994.6000,350.0000,902.1000,594.2000,170.2000
T,928.5000,977.0000,532.2000,341.6000,515.9000,362.5000
T,783.4000,845.3000,343.8000,998.1000,947.5000,319.1000
T,40.0000,367.5000,526.6000,969.0000,17.4000,110.4000
C,784.4000,979.4000,249.7500
T,846.5000,391.6000,689.1000,226.3000,658.9000,945.4000
T,476.3000,263.9000,586.4000,642.4000,329.5000,189.3000
C,613.1000,265.6000,127.1750
T,90.0000,565.8000,895.1000,675.9000,392.8000,928.3000
T,823.3000,933.1000,576.8000,59.8000,470.7000,144.2000
C,533.1000,102.1000,167.3250
C,557.0000,557.2000,46.6250
T,932.8000,471.3000,55.2000,684.4000,397.5000,38.1000
T,214.6000,404.2000,844.8000,275.1000,381.8000,889.4000
T,344.4000,170.6000,998.7000,760.7000,599.0000,835.5000
T,488.4000,416.5000,793.2000,442.2000,644.7000,796.3000
T,85.1000,642.2000,708.5000,951.4000,216.1000,691.6000
T,423.9000,620.7000,708.4000,530.8000,589.1000,485.9000
C,172.7000,215.0000,48.9250
C,108.2000,100.0000,189.4000
T,972.1000,796.2000,958.1000,350.9000,386.1000,444.5000
T,262.0000,242.2000,752.7000,241.8000,250.2000,129.6000
C,136.3000,323.6000,41.4500
T,800.2000,920.5000,549.9000,290.4000,230.0000,10.0000
T,293.7000,315.8000,201.6000,597.6000,679.9000,536.6000
T,329.6000,586.3000,670.0000,912.2000,993.3000,865.1000
T,188.5000,369.1000,358.8000,466.2000,778.0000,347.4000
T,589.0000,410.7000,78.7000,872.0000,596.5000,910.3000
T,837.1000,948.8000,681.8000,566.3000,948.2000,1.3000
T,128.7000,853.2000,664.4000,562.3000,216.2000,545.3000
C,543.2000,92.0000,56.0000
T,300.6000,892.3000,611.7000,551.4000,191.1000,824.1000
T,662.5000,113.9000,704.7000,905.1000,123.0000,725.5000
T,626.2000,396.7000,492.4000,637.4000,988.1000,346.0000
T,863.8000,213.2000,59.8000,515.9000,694.4000,903.9000
T,802.0000,315.2000,45.8000,318.7000,854.6000,541.8000
T,18.1000,687.9000,285.8000,757.8000,857.6000,114.4000
T,887.4000,387.7000,223.6000,730.3000,938.8000,478.9000
T,148.6000,428.2000,905.8000,103.9000,878.0000,285.1000
T,679.1000,552.0000,35.6000,496.7000,920.2000,890.1000
C,798.7000,658.9000,146.6000
T,183.7000,787.4000,608.1000,708.8000,206.7000,879.6000
T,231.7000,759.4000,976.4000,825.5000,836.1000,785.5000
C,425.0000,971.8000,163.3750
C,140.0000,214.9000,244.1500
T,859.2000,338.9000,136.0000,250.2000,261.1000,937.3000
T,425.3000,88.7000,728.7000,637.1000,462.0000,755.1000
T,981.8000,439.8000,221.5000,26.3000,973.2000,646.3000
T,460.3000,853.6000,715.8000,250.0000,741.2000,495.2000
C,207.0000,911.7000,129.7500
T,291.6000,926.9000,928.1000,269.2000,572.8000,956.5000
T,193.2000,7.5000,334.1000,887.8000,96.8000,199.0000
T,0.4000,733.5000,989.9000,213.7000,665.5000,113.8000
T,330.4000,731.0000,398.9000,485.3000,420.2000,0.3000
T,442.2000,306.0000,218.4000,176.9000,209.8000,265.6000
T,828.2000,763.3000,712.7000,866.9000,264.9000,407.6000
C,638.9000,191.7000,143.1250
C,516.8000,926.4000,185.2000
C,928.3000,993.2000,61.5500
T,130.1000,961.2000,196.0000,529.3000,783.9000,152.7000
C,98.8000,751.0000,175.3750
T,710.9000,886.9000,933.4000,153.1000,172.2000,970.2000
T,346.8000,400.7000,706.1000,461.4000,691.4000,539.4000
C,728.4000,903.4000,18.4500
C,680.5000,377.6000,56.3000
C,804.6000,135.5000,52.3250
T,234.1000,928.8000,714.2000,308.6000,308.9000,29.2000
C,76.0000,861.6000,217.4750
T,773.4000,568.7000,791.4000,651.1000,646.5000,845.5000
T,668.6000,269.8000,656.6000,702.8000,55.5000,249.3000
C,319.7000,70.5000,80.9750
C,780.2000,82.4000,199.5000
C,539.8000,736.2000,87.1250
T,92.1000,397.2000,432.3000,754.0000,463.4000,964.8000
C,320.1000,300.4000,52.5750
C,726.5000,578.6000,21.3000
T,466.9000,939.4000,975.7000,531.2000,873.3000,465.0000
T,989.1000,958.6000,613.6000,185.4000,81.4000,787.6000
C,829.5000,28.9000,13.8000
T,14.0000,753.5000,301.9000,236.3000,515.8000,193.2000
C,197.1000,929.2000,145.5500
T,181.4000,597.4000,312.0000,695.0000,976.8000,331.1000
T,564.1000,205.0000,475.1000,167.6000,666.0000,408.0000
T,140.4000,278.1000,883.4000,70.8000,534.8000,470.8000
T,833.9000,423.8000,564.6000,331.7000,803.6000,230.6000
T,782.5000,793.2000,676.2000,535.8000,843.8000,879.7000
C,16.3000,873.4000,96.6000
C,454.2000,825.1000,116.2000
C,827.5000,846.4000,21.8750
C,762.6000,375.4000,228.7750
C,126.4000,394.4000,27.8500
C,347.4000,173.6000,186.8250
T,173.2000,100.6000,580.9000,781.5000,411.8000,798.9000
T,822.1000,528.3000,696.3000,124.2000,404.6000,497.1000
T,80.6000,645.7000,716.6000,983.7000,596.3000,718.2000
T,909.7000,467.9000,48.2000,867.4000,938.7000,549.9000
T,732.5000,951.5000,429.9000,842.6000,126.2000,23.0000
T,353.7000,244.3000,683.2000,438.4000,28.6000,214.7000
T,365.6000,66.3000,251.3000,510.5000,357.5000,866.4000
T,465.7000,211.6000,363.7000,577.2000,29.2000,119.3000
T,632.6000,532.7000,914.1000,473.0000,249.1000,490.5000
T,576.7000,266.5000,281.6000,278.5000,474.1000,622.2000
C,401.4000,33.4000,136.3250
T,503.5000,978.8000,544.1000,401.7000,796.9000,357.0000
T,683.4000,827.4000,266.8000,740.0000,66.2000,265.4000
T,903.6000,374.2000,721.1000,711.5000,769.1000,965.4000
C,724.2000,175.7000,197.2250
C,969.7000,232.0000,220.8250
T,587.0000,64.3000,178.2000,818.3000,9.6000,525.6000
T,719.4000,231.0000,735.8000,557.1000,891.7000,565.7000
T,822.9000,836.7000,200.3000,16.2000,181.5000,570.5000
T,5.8000,689.9000,264.3000,579.9000,788.1000,779.3000
C,755.2000,601.8000,206.8000
T,698.0000,439.2000,240.4000,202.6000,561.8000,247.9000
T,571.4000,763.2000,654.8000,490.2000,975.6000,212.0000
T,213.9000,61.2000,352.8000,952.2000,599.5000,953.5000
T,312.8000,996.2000,581.3000,374.3000,913.9000,238.4000
T,746.2000,337.3000,964.2000,629.1000,908.6000,432.1000
T,126.6000,422.6000,620.3000,274.9000,952.4000,760.3000
T,807.2000,593.2000,515.6000,714.2000,52.3000,506.3000
T,718.1000,450.4000,802.9000,2.4000,873.6000,74.6000
T,442.9000,659.1000,828.2000,647.9000,9.5000,34.5000
C,426.0000,690.6000,215.2750
T,779.9000,879.9000,87.4000,638.5000,732.4000,677.3000
T,193.3000,440.3000,505.6000,403.0000,65.8000,660.1000
C,732.1000,647.0000,7.0500
C,161.3000,626.7000,8.7750
T,808.5000,683.6000,763.5000,792.1000,626.9000,942.9000
C,785.0000,381.3000,225.6500
T,647.2000,272.3000,626.3000,487.0000,79.7000,718.0000
T,355.3000,680.3000,634.2000,879.6000,40.0000,593.4000
T,786.2000,277.3000,387.4000,797.0000,539.1000,529.4000
T,32.1000,422.5000,71.5000,403.7000,874.9000,940.3000
T,704.1000,467.5000,655.3000,124.3000,500.4000,411.3000
T,589.4000,105.9000,160.1000,948.5000,168.9000,35.7000
T,354.7000,723.2000,928.9000,643.7000,170.2000,623.9000
C,665.6000,338.4000,246.9750
C,373.3000,420.1000,153.8000
C,554.9000,83.3000,51.1750
C,75.2000,651.1000,53.2250
C,755.3000,539.5000,45.5500
T,196.9000,171.5000,227.4000,848.5000,370.3000,493.7000
C,677.3000,699.3000,35.6250
C,704.8000,316.4000,52.4250
T,129.1000,667.4000,282.1000,127.2000,991.1000,397.8000
C,551.0000,76.8000,185.9750
T,960.4000,620.3000,141.9000,744.3000,173.6000,104.2000
C,468.7000,643.9000,123.5250
T,139.5000,471.9000,879.5000,457.2000,937.8000,150.5000
T,323.3000,499.8000,461.3000,865.5000,612.6000,83.8000
T,473.3000,412.4000,191.0000,757.5000,457.2000,620.5000
T,104.7000,979.1000,533.3000,342.6000,535.5000,955.0000
C,655.9000,716.7000,211.9250
T,544.4000,18.1000,527.9000,810.2000,247.7000,533.9000
T,589.2000,138.6000,753.5000,244.1000,929.9000,94.9000
T,58.1000,432.8000,700.2000,691.8000,797.0000,711.2000
T,873.6000,960.4000,34.9000,492.7000,346.2000,114.7000
T,195.5000,443.4000,667.4000,783.1000,613.5000,299.8000
T,65.8000,783.6000,663.1000,164.8000,657.0000,297.6000
C,481.9000,397.1000,215.1250
T,438.4000,334.9000,477.5000,522.3000,268.7000,964.0000
C,136.6000,379.1000,167.6750
T,493.0000,317.5000,901.4000,419.3000,57.7000,393.8000
T,86.2000,461.0000,316.4000,795.1000,939.4000,992.2000
T,37.2000,527.1000,140.0000,413.6000,318.7000,391.7000
T,174.3000,443.5000,907.8000,779.7000,924.8000,673.1000
T,703.3000,863.3000,476.9000,920.7000,397.5000,8.2000
T,345.7000,263.3000,237.7000,240.0000,474.3000,786.7000
T,399.6000,732.8000,643.3000,395.4000,485.2000,873.1000
T,437.0000,779.7000,723.0000,60.4000,279.1000,494.2000
T,873.9000,993.5000,639.5000,132.9000,720.6000,520.5000
T,597.6000,839.4000,874.3000,541.9000,984.0000,358.5000
T,263.8000,902.3000,173.7000,844.4000,604.9000,252.4000
C,710.6000,264.6000,96.1000
T,799.9000,943.1000,266.3000,83.7000,753.9000,860.4000
T,513.9000,971.9000,471.7000,269.8000,598.1000,107.1000
C,266.3000,928.1000,200.5000
C,768.9000,853.4000,125.2750
T,540.1000,173.3000,877.4000,549.3000,215.9000,674.1000
T,544.0000,163.4000,729.0000,255.2000,693.3000,920.6000
T,116.5000,513.9000,85.5000,14.0000,423.5000,470.1000
T,219.8000,994.0000,304.2000,66.6000,90.8000,338.7000
T,972.6000,817.2000,495.7000,530.9000,938.4000,285.3000
T,93.1000,206.3000,204.7000,644.5000,444.3000,272.1000
T,308.4000,540.7000,343.0000,413.8000,833.0000,688.9000
C,288.2000,807.9000,188.7250
T,31.0000,128.3000,320.3000,179.3000,573.3000,482.8000
T,335.5000,917.6000,571.3000,346.1000,233.4000,724.2000
C,635.4000,174.4000,5.8750
T,880.8000,369.5000,979.1000,198.1000,958.5000,911.4000
T,961.1000,652.7000,257.8000,649.7000,512.5000,684.5000
T,740.8000,101.1000,907.4000,157.0000,82.8000,913.7000
T,721.8000,519.3000,108.9000,354.4000,856.6000,962.2000
T,618.7000,659.0000,197.6000,514.6000,788.1000,980.5000
C,385.4000,450.8000,208.2250
T,408.8000,725.9000,612.1000,830.1000,867.3000,685.8000
T,886.8000,336.9000,492.6000,623.2000,847.4000,478.4000
T,109.8000,674.5000,159.0000,850.1000,870.3000,843.6000
T,949.2000,146.0000,342.4000,993.6000,60.2000,135.2000
C,703.9000,82.2000,88.8500
T,74.5000,987.2000,674.0000,187.8000,21.0000,891.7000
T,423.0000,949.2000,969.8000,625.4000,814.8000,995.5000
C,719.2000,423.0000,169.6000
T,768.1000,535.2000,580.4000,989.2000,67.9000,459.5000
T,269.7000,836.4000,807.2000,550.6000,680.8000,182.9000
T,137.2000,972.9000,772.9000,491.2000,417.6000,921.9000
T,267.3000,198.2000,447.3000,894.4000,132.1000,323.9000
T,346.9000,182.1000,341.0000,712.1000,45.9000,397.9000
T,820.1000,69.9000,85.3000,919.3000,214.5000,607.8000
C,55.4000,844.7000,218.1000
T,786.9000,370.7000,677.6000,22.6000,38.8000,228.0000
T,756.5000,652.5000,500.8000,337.0000,133.1000,94.9000
C,135.7000,248.9000,230.7000
T,466.3000,838.4000,634.9000,785.0000,940.6000,317.0000
C,687.7000,571.9000,50.8000
T,902.3000,212.0000,353.5000,574.9000,625.9000,345.1000
C,653.5000,324.3000,35.8500
T,706.7000,289.4000,745.4000,813.2000,483.1000,936.7000
C,983.4000,78.9000,89.7500
C,401.0000,378.4000,8.5000
T,2.0000,430.1000,360.6000,119.5000,351.0000,656.1000
C,442.4000,750.1000,72.2250
C,558.2000,469.0000,147.7000
T,595.3000,598.6000,510.9000,353.3000,131.7000,345.5000
T,127.4000,833.8000,966.3000,697.3000,588.4000,124.4000
C,74.0000,810.9000,243.7500
T,992.3000,343.1000,523.1000,293.0000,204.8000,792.3000
T,904.4000,847.0000,995.2000,524.4000,499.6000,378.6000
T,392.7000,896.3000,763.6000,229.9000,890.0000,25.2000
C,288.1000,962.4000,75.6750
T,153.1000,653.7000,67.7000,677.9000,487.2000,676.2000
T,8.5000,17.2000,476.6000,247.7000,659.3000,302.4000
T,718.6000,896.3000,227.3000,498.5000,44.3000,603.0000
T,587.7000,176.0000,195.7000,228.0000,191.6000,844.0000
C,949.9000,638.7000,176.0750
T,220.5000,766.2000,51.8000,138.7000,389.3000,226.6000
T,319.1000,46.5000,491.1000,361.4000,44.8000,145.0000
T,461.3000,836.1000,171.5000,128.8000,675.0000,789.5000
C,699.7000,192.5000,141.3500
T,871.9000,450.0000,295.7000,832.1000,557.0000,58.6000
T,772.3000,867.0000,438.9000,536.1000,342.1000,579.9000
T,0.8000,138.8000,725.2000,556.5000,843.1000,226.3000
T,50.7000,990.8000,730.2000,8.0000,749.4000,821.1000
C,914.8000,462.5000,130.1750
T,486.3000,661.0000,517.3000,776.5000,64.2000,486.9000
T,432.6000,982.9000,272.5000,278.0000,798.2000,925.2000
T,591.5000,621.6000,674.3000,650.8000,193.0000,143.2000
T,339.1000,346.4000,821.2000,459.1000,565.4000,824.1000
C,237.4000,414.8000,214.3500
T,918.1000,962.2000,855.7000,918.8000,989.8000,224.2000
T,238.3000,67.1000,410.6000,243.4000,858.8000,772.7000
T,805.0000,513.9000,157.9000,199.5000,289.4000,264.1000
T,377.5000,224.5000,147.3000,314.7000,696.0000,317.4000
T,662.8000,681.9000,195.2000,568.1000,415.0000,873.4000
C,962.9000,638.3000,168.1500
T,450.1000,576.2000,954.6000,76.2000,938.6000,95.7000
T,48.6000,266.5000,760.3000,310.3000,649.7000,38.0000
T,593.4000,135.0000,540.6000,737.7000,708.4000,604.2000
T,906.7000,575.8000,575.5000,385.2000,215.5000,675.2000
T,899.2000,312.6000,842.0000,875.5000,485.2000,567.6000
C,687.8000,315.0000,75.3500
T,51.6000,827.0000,647.5000,50.9000,738.4000,352.5000
T,157.3000,442.8000,821.5000,738.5000,339.5000,225.2000
C,68.5000,338.1000,135.8250
T,379.2000,691.0000,723.2000,420.4000,43.8000,149.3000
C,918.3000,434.7000,41.1250
T,286.1000,905.6000,820.0000,239.3000,451.9000,656.8000
C,646.2000,855.9000,209.3500
T,353.0000,58.2000,232.5000,622.3000,160.8000,973.0000
T,945.6000,416.8000,229.6000,296.0000,687.5000,935.8000
T,562.6000,631.2000,783.3000,498.3000,97.0000,820.1000
C,867.6000,687.0000,39.1750
C,918.5000,100.3000,193.3000
T,291.3000,691.9000,687.4000,162.9000,156.2000,338.0000
T,188.0000,421.5000,988.5000,980.9000,301.4000,489.1000
C,240.7000,990.1000,54.5250
C,628.8000,889.3000,6.4250
C,148.0000,759.0000,4.3500
T,485.3000,371.2000,75.8000,706.3000,242.2000,872.8000
C,672.6000,125.6000,134.4250
T,524.6000,779.6000,272.5000,897.5000,443.2000,361.8000
T,116.0000,518.7000,428.7000,120.0000,446.3000,166.6000
T,34.4000,471.4000,883.8000,247.4000,297.4000,543.9000
C,145.6000,850.9000,213.1500
T,112.2000,715.2000,746.3000,108.2000,457.7000,816.5000
T,703.0000,381.6000,693.5000,104.6000,356.4000,991.8000
T,632.1000,638.1000,643.0000,498.7000,876.4000,365.4000
C,909.2000,8.5000,51.9750
T,959.7000,425.2000,828.2000,993.7000,680.0000,379.1000
C,419.8000,603.7000,82.7750
T,763.4000,7.9000,61.0000,612.2000,497.8000,743.2000
C,4.4000,929.8000,28.7750
C,664.9000,665.2000,226.4500
T,646.9000,974.4000,487.3000,368.9000,203.0000,706.7000
T,706.7000,497.9000,391.3000,793.9000,709.3000,701.5000
T,175.9000,936.5000,388.2000,251.5000,985.5000,874.6000
T,437.7000,264.3000,867.5000,181.7000,124.3000,4.2000
T,286.4000,67.8000,760.3000,163.1000,87.9000,394.6000
C,954.1000,932.5000,58.7000
T,939.8000,225.0000,301.1000,563.0000,220.9000,703.9000
T,83.4000,689.8000,753.9000,178.5000,503.9000,413.4000
T,31.2000,650.3000,209.2000,710.2000,619.7000,187.3000
T,702.6000,260.5000,420.4000,430.2000,630.9000,630.9000
T,307.0000,582.3000,221.7000,4.1000,153.4000,123.4000
T,649.7000,334.0000,874.7000,43.5000,163.7000,147.8000
T,314.3000,524.1000,107.9000,563.8000,346.9000,483.4000
T,744.2000,523.0000,244.0000,312.8000,47.6000,49.5000
T,964.5000,880.7000,132.9000,589.9000,73.0000,412.5000
C,107.6000,532.2000,43.6000
T,290.1000,633.9000,381.5000,316.4000,334.5000,666.8000
T,39.5000,37.8000,388.3000,736.3000,312.5000,866.3000
T,147.6000,564.6000,562.8000,59.3000,977.7000,691.2000
T,73.9000,808.4000,685.1000,453.3000,741.9000,453.5000
T,735.3000,264.5000,206.7000,991.9000,933.5000,213.3000
T,849.4000,675.3000,427.9000,188.5000,577.2000,856.7000
T,11.8000,848.9000,228.3000,568.2000,266.5000,305.9000
C,847.8000,213.6000,12.0750
T,483.2000,244.7000,216.2000,825.4000,696.3000,863.0000
T,213.3000,365.4000,304.1000,773.2000,181.6000,744.4000
T,653.0000,227.2000,298.1000,889.3000,135.0000,870.8000
T,834.4000,97.7000,62.2000,959.4000,456.9000,885.1000
T,147.6000,165.3000,887.4000,51.0000,158.5000,437.4000
T,968.6000,840.6000,24.1000,979.0000,564.8000,595.9000
T,491.4000,704.0000,238.5000,667.4000,483.8000,189.2000
T,78.8000,627.4000,958.5000,78.7000,177.5000,154.1000
T,147.0000,154.1000,865.9000,239.4000,977.9000,117.2000
T,200.1000,416.6000,722.3000,23.2000,307.0000,928.6000
T,386.6000,274.1000,910.2000,570.2000,274.9000,36.6000
T,393.7000,823.6000,292.1000,973.0000,695.9000,862.0000
T,537.9000,928.9000,972.2000,980.9000,283.4000,801.6000
C,686.5000,158.1000,184.9000
T,478.7000,298.1000,291.4000,287.4000,516.2000,644.2000
T,260.5000,928.9000,692.1000,353.4000,48.3000,508.5000
C,117.5000,305.7000,188.3250
T,573.8000,266.4000,282.1000,255.2000,996.9000,662.2000
T,750.0000,42.2000,23.7000,127.1000,862.8000,700.0000
T,170.7000,983.3000,796.2000,738.4000,51.7000,106.4000
T,647.9000,796.2000,435.4000,933.0000,376.7000,184.6000
C,463.8000,78.4000,41.4750
T,68.3000,356.2000,584.2000,473.3000,304.8000,223.5000
T,629.1000,799.6000,766.1000,602.0000,153.2000,133.5000
T,992.0000,237.4000,877.6000,525.1000,106.4000,379.0000
T,646.9000,23.0000,925.9000,470.1000,846.6000,322.2000
T,477.7000,607.0000,286.3000,963.8000,857.8000,631.1000
C,343.9000,531.8000,174.3500
T,572.7000,437.3000,422.5000,306.7000,541.3000,45.9000
T,301.9000,866.9000,384.6000,947.1000,3.2000,938.6000
C,786.9000,241.9000,105.3500
T,658.2000,3.2000,458.1000,901.3000,680.9000,151.5000
T,479.9000,638.2000,295.3000,502.4000,271.6000,648.2000
C,180.2000,846.5000,133.4250
C,831.5000,340.2000,120.4000
C,826.9000,544.8000,113.8000
T,530.5000,603.9000,347.7000,991.8000,71.0000,389.2000
T,10.6000,873.5000,694.2000,220.6000,671.3000,756.4000
T,114.1000,61.5000,407.7000,347.8000,799.5000,595.4000
C,241.6000,822.9000,23.0500
T,845.1000,410.4000,81.2000,851.6000,778.2000,176.3000
C,446.2000,445.2000,155.2250
T,132.3000,646.4000,224.4000,113.2000,898.3000,637.6000
C,486.0000,625.9000,215.6000
T,560.4000,226.2000,420.2000,472.4000,479.1000,745.2000
C,499.3000,288.9000,195.2250
T,553.5000,225.8000,978.8000,292.1000,159.0000,95.4000
T,307.3000,225.2000,311.2000,650.1000,525.2000,929.1000
C,123.4000,686.3000,174.2500
T,409.6000,336.9000,466.2000,575.9000,659.9000,849.9000
C,431.5000,305.9000,174.2750
T,586.3000,945.8000,332.1000,807.8000,876.7000,92.9000
C,134.4000,606.3000,119.6750
C,968.0000,318.7000,159.3000
C,910.3000,701.0000,122.7750
C,355.7000,58.9000,40.7000
T,879.2000,444.0000,789.2000,977.6000,565.9000,128.9000
T,727.5000,789.5000,820.8000,139.2000,638.8000,365.4000
T,717.3000,52.4000,668.4000,124.8000,552.0000,90.8000
T,672.9000,368.9000,147.6000,938.6000,785.8000,939.6000
T,940.3000,594.8000,341.5000,109.3000,423.5000,545.2000
T,363.8000,87.5000,115.2000,432.8000,5.5000,169.1000
C,947.1000,147.2000,44.8750
C,508.7000,592.2000,245.9000
T,42.7000,231.0000,506.8000,72.1000,780.6000,206.4000
T,641.7000,39.1000,780.1000,189.3000,283.3000,787.1000
T,479.4000,30.0000,215.4000,820.1000,865.3000,353.5000
C,553.3000,691.9000,136.6500
C,868.7000,725.7000,55.4500
C,940.1000,277.1000,86.8500
T,501.7000,552.1000,110.5000,602.4000,351.5000,764.5000
T,288.7000,445.8000,76.2000,652.7000,816.1000,885.8000
C,752.4000,667.8000,37.4000
C,688.6000,726.9000,157.5250
T,489.4000,539.1000,960.2000,150.4000,911.9000,480.6000
C,673.7000,98.9000,125.7500
C,113.1000,285.4000,160.6500
T,427.5000,863.8000,55.6000,618.9000,64.9000,519.1000
T,39.2000,730.4000,35.9000,904.6000,973.2000,554.0000
C,157.1000,588.4000,155.1000
T,28.0000,62.8000,571.4000,642.1000,201.2000,852.6000
C,435.4000,772.0000,244.3000
T,974.2000,772.7000,678.7000,109.9000,298.9000,722.1000
C,633.1000,108.1000,141.3250
C,12.3000,499.9000,57.4750
T,7.3000,507.3000,299.4000,855.2000,941.8000,914.6000
T,573.0000,257.5000,579.8000,797.5000,785.3000,662.7000
T,853.1000,629.4000,747.0000,499.9000,889.4000,756.1000
T,225.9000,863.3000,255.1000,96.4000,237.8000,955.3000
T,974.7000,73.2000,50.6000,71.6000,412.3000,86.6000
C,258.5000,136.0000,229.2000
T,235.1000,752.7000,199.8000,421.3000,530.1000,501.4000
C,256.6000,430.2000,63.7500
C,207.7000,512.3000,152.6000